,ID,Score
0,20020025,100.0
1,20020027,28.333333333333332
2,20020029,25.0
3,20020030,36.666666666666664
4,20020031,25.0
5,20020032,70.0
6,20020033,30.0
7,200250028,26.666666666666668
